file_name,region,gender
common_voice_en_17775118.mp3,british isles (uk and ireland),female_feminine
common_voice_en_131226.mp3,british isles (uk and ireland),female_feminine
common_voice_en_142135.mp3,british isles (uk and ireland),female_feminine
common_voice_en_113622.mp3,british isles (uk and ireland),female_feminine
common_voice_en_13769.mp3,british isles (uk and ireland),female_feminine
common_voice_en_18044946.mp3,british isles (uk and ireland),female_feminine
common_voice_en_142106.mp3,british isles (uk and ireland),female_feminine
common_voice_en_142156.mp3,british isles (uk and ireland),female_feminine
common_voice_en_17789941.mp3,british isles (uk and ireland),female_feminine
common_voice_en_142041.mp3,british isles (uk and ireland),female_feminine
common_voice_en_17250158.mp3,british isles (uk and ireland),female_feminine
common_voice_en_153665.mp3,british isles (uk and ireland),female_feminine
common_voice_en_142162.mp3,british isles (uk and ireland),female_feminine
common_voice_en_17790030.mp3,british isles (uk and ireland),female_feminine
common_voice_en_17790050.mp3,british isles (uk and ireland),female_feminine
common_voice_en_17481812.mp3,british isles (uk and ireland),female_feminine
common_voice_en_153678.mp3,british isles (uk and ireland),female_feminine
common_voice_en_118506.mp3,british isles (uk and ireland),female_feminine
common_voice_en_17841385.mp3,british isles (uk and ireland),female_feminine
common_voice_en_17747707.mp3,british isles (uk and ireland),female_feminine
common_voice_en_118446.mp3,british isles (uk and ireland),female_feminine
common_voice_en_17481781.mp3,british isles (uk and ireland),female_feminine
common_voice_en_17789994.mp3,british isles (uk and ireland),female_feminine
common_voice_en_17936033.mp3,british isles (uk and ireland),female_feminine
common_voice_en_17790094.mp3,british isles (uk and ireland),female_feminine
common_voice_en_1089344.mp3,british isles (uk and ireland),female_feminine
common_voice_en_17250166.mp3,british isles (uk and ireland),female_feminine
common_voice_en_17789909.mp3,british isles (uk and ireland),female_feminine
common_voice_en_17254919.mp3,british isles (uk and ireland),female_feminine
common_voice_en_17850526.mp3,british isles (uk and ireland),female_feminine
common_voice_en_17254926.mp3,british isles (uk and ireland),female_feminine
common_voice_en_17790121.mp3,british isles (uk and ireland),female_feminine
common_voice_en_142237.mp3,british isles (uk and ireland),female_feminine
common_voice_en_17790102.mp3,british isles (uk and ireland),female_feminine
common_voice_en_17250162.mp3,british isles (uk and ireland),female_feminine
common_voice_en_17298419.mp3,british isles (uk and ireland),female_feminine
common_voice_en_143930.mp3,british isles (uk and ireland),female_feminine
common_voice_en_17147541.mp3,british isles (uk and ireland),female_feminine
common_voice_en_142118.mp3,british isles (uk and ireland),female_feminine
common_voice_en_17281823.mp3,british isles (uk and ireland),female_feminine
common_voice_en_17627093.mp3,british isles (uk and ireland),female_feminine
common_voice_en_17747836.mp3,british isles (uk and ireland),female_feminine
common_voice_en_17147544.mp3,british isles (uk and ireland),female_feminine
common_voice_en_17790052.mp3,british isles (uk and ireland),female_feminine
common_voice_en_142076.mp3,british isles (uk and ireland),female_feminine
common_voice_en_141965.mp3,british isles (uk and ireland),female_feminine
common_voice_en_142120.mp3,british isles (uk and ireland),female_feminine
common_voice_en_17368219.mp3,british isles (uk and ireland),female_feminine
common_voice_en_17790060.mp3,british isles (uk and ireland),female_feminine
common_voice_en_17413813.mp3,british isles (uk and ireland),female_feminine
common_voice_en_18128784.mp3,british isles (uk and ireland),male_masculine
common_voice_en_17372387.mp3,british isles (uk and ireland),male_masculine
common_voice_en_18162817.mp3,british isles (uk and ireland),male_masculine
common_voice_en_18132496.mp3,british isles (uk and ireland),male_masculine
common_voice_en_17274098.mp3,british isles (uk and ireland),male_masculine
common_voice_en_18157125.mp3,british isles (uk and ireland),male_masculine
common_voice_en_103338.mp3,british isles (uk and ireland),male_masculine
common_voice_en_18171336.mp3,british isles (uk and ireland),male_masculine
common_voice_en_105738.mp3,british isles (uk and ireland),male_masculine
common_voice_en_16243.mp3,british isles (uk and ireland),male_masculine
common_voice_en_107458.mp3,british isles (uk and ireland),male_masculine
common_voice_en_17284463.mp3,british isles (uk and ireland),male_masculine
common_voice_en_178943.mp3,british isles (uk and ireland),male_masculine
common_voice_en_18173301.mp3,british isles (uk and ireland),male_masculine
common_voice_en_123357.mp3,british isles (uk and ireland),male_masculine
common_voice_en_18113777.mp3,british isles (uk and ireland),male_masculine
common_voice_en_128261.mp3,british isles (uk and ireland),male_masculine
common_voice_en_18179234.mp3,british isles (uk and ireland),male_masculine
common_voice_en_17267667.mp3,british isles (uk and ireland),male_masculine
common_voice_en_17444601.mp3,british isles (uk and ireland),male_masculine
common_voice_en_17980770.mp3,british isles (uk and ireland),male_masculine
common_voice_en_17809327.mp3,british isles (uk and ireland),male_masculine
common_voice_en_17935729.mp3,british isles (uk and ireland),male_masculine
common_voice_en_107490.mp3,british isles (uk and ireland),male_masculine
common_voice_en_17748795.mp3,british isles (uk and ireland),male_masculine
common_voice_en_18163161.mp3,british isles (uk and ireland),male_masculine
common_voice_en_17475945.mp3,british isles (uk and ireland),male_masculine
common_voice_en_136434.mp3,british isles (uk and ireland),male_masculine
common_voice_en_125875.mp3,british isles (uk and ireland),male_masculine
common_voice_en_18163443.mp3,british isles (uk and ireland),male_masculine
common_voice_en_18187996.mp3,british isles (uk and ireland),male_masculine
common_voice_en_129336.mp3,british isles (uk and ireland),male_masculine
common_voice_en_17507514.mp3,british isles (uk and ireland),male_masculine
common_voice_en_17245976.mp3,british isles (uk and ireland),male_masculine
common_voice_en_10431889.mp3,british isles (uk and ireland),male_masculine
common_voice_en_18111752.mp3,british isles (uk and ireland),male_masculine
common_voice_en_17442553.mp3,british isles (uk and ireland),male_masculine
common_voice_en_17371997.mp3,british isles (uk and ireland),male_masculine
common_voice_en_107436.mp3,british isles (uk and ireland),male_masculine
common_voice_en_18132830.mp3,british isles (uk and ireland),male_masculine
common_voice_en_17426265.mp3,british isles (uk and ireland),male_masculine
common_voice_en_17276336.mp3,british isles (uk and ireland),male_masculine
common_voice_en_18147648.mp3,british isles (uk and ireland),male_masculine
common_voice_en_18164110.mp3,british isles (uk and ireland),male_masculine
common_voice_en_18172305.mp3,british isles (uk and ireland),male_masculine
common_voice_en_148706.mp3,british isles (uk and ireland),male_masculine
common_voice_en_17245818.mp3,british isles (uk and ireland),male_masculine
common_voice_en_18139515.mp3,british isles (uk and ireland),male_masculine
common_voice_en_1492873.mp3,british isles (uk and ireland),male_masculine
common_voice_en_17385848.mp3,british isles (uk and ireland),male_masculine
common_voice_en_17792509.mp3,multiple accents,female_feminine
common_voice_en_17803510.mp3,multiple accents,female_feminine
common_voice_en_122158.mp3,multiple accents,female_feminine
common_voice_en_15734997.mp3,multiple accents,female_feminine
common_voice_en_17258708.mp3,multiple accents,female_feminine
common_voice_en_125720.mp3,multiple accents,female_feminine
common_voice_en_17258762.mp3,multiple accents,female_feminine
common_voice_en_17782512.mp3,multiple accents,female_feminine
common_voice_en_17258741.mp3,multiple accents,female_feminine
common_voice_en_172600.mp3,multiple accents,female_feminine
common_voice_en_17258727.mp3,multiple accents,female_feminine
common_voice_en_172517.mp3,multiple accents,female_feminine
common_voice_en_122160.mp3,multiple accents,female_feminine
common_voice_en_17457031.mp3,multiple accents,female_feminine
common_voice_en_17792417.mp3,multiple accents,female_feminine
common_voice_en_122167.mp3,multiple accents,female_feminine
common_voice_en_171349.mp3,multiple accents,female_feminine
common_voice_en_17877686.mp3,multiple accents,female_feminine
common_voice_en_125733.mp3,multiple accents,female_feminine
common_voice_en_17457036.mp3,multiple accents,female_feminine
common_voice_en_17803513.mp3,multiple accents,female_feminine
common_voice_en_172678.mp3,multiple accents,female_feminine
common_voice_en_125722.mp3,multiple accents,female_feminine
common_voice_en_17792508.mp3,multiple accents,female_feminine
common_voice_en_17258717.mp3,multiple accents,female_feminine
common_voice_en_172672.mp3,multiple accents,female_feminine
common_voice_en_122176.mp3,multiple accents,female_feminine
common_voice_en_172590.mp3,multiple accents,female_feminine
common_voice_en_175072.mp3,multiple accents,female_feminine
common_voice_en_172469.mp3,multiple accents,female_feminine
common_voice_en_17258735.mp3,multiple accents,female_feminine
common_voice_en_172501.mp3,multiple accents,female_feminine
common_voice_en_17258710.mp3,multiple accents,female_feminine
common_voice_en_17632375.mp3,multiple accents,female_feminine
common_voice_en_17269004.mp3,multiple accents,female_feminine
common_voice_en_172578.mp3,multiple accents,female_feminine
common_voice_en_172461.mp3,multiple accents,female_feminine
common_voice_en_125725.mp3,multiple accents,female_feminine
common_voice_en_15734988.mp3,multiple accents,female_feminine
common_voice_en_17632398.mp3,multiple accents,female_feminine
common_voice_en_175069.mp3,multiple accents,female_feminine
common_voice_en_122159.mp3,multiple accents,female_feminine
common_voice_en_17356636.mp3,multiple accents,female_feminine
common_voice_en_17816002.mp3,multiple accents,female_feminine
common_voice_en_17792512.mp3,multiple accents,female_feminine
common_voice_en_172631.mp3,multiple accents,female_feminine
common_voice_en_17782519.mp3,multiple accents,female_feminine
common_voice_en_17258732.mp3,multiple accents,female_feminine
common_voice_en_172704.mp3,multiple accents,female_feminine
common_voice_en_124224.mp3,multiple accents,female_feminine
common_voice_en_139738.mp3,multiple accents,male_masculine
common_voice_en_111392.mp3,multiple accents,male_masculine
common_voice_en_16382279.mp3,multiple accents,male_masculine
common_voice_en_17888180.mp3,multiple accents,male_masculine
common_voice_en_17864963.mp3,multiple accents,male_masculine
common_voice_en_17781415.mp3,multiple accents,male_masculine
common_voice_en_17808806.mp3,multiple accents,male_masculine
common_voice_en_16047475.mp3,multiple accents,male_masculine
common_voice_en_17746557.mp3,multiple accents,male_masculine
common_voice_en_17271385.mp3,multiple accents,male_masculine
common_voice_en_17888178.mp3,multiple accents,male_masculine
common_voice_en_18099321.mp3,multiple accents,male_masculine
common_voice_en_17251766.mp3,multiple accents,male_masculine
common_voice_en_131375.mp3,multiple accents,male_masculine
common_voice_en_181139.mp3,multiple accents,male_masculine
common_voice_en_16047441.mp3,multiple accents,male_masculine
common_voice_en_178064.mp3,multiple accents,male_masculine
common_voice_en_16048171.mp3,multiple accents,male_masculine
common_voice_en_17732776.mp3,multiple accents,male_masculine
common_voice_en_180979.mp3,multiple accents,male_masculine
common_voice_en_17392608.mp3,multiple accents,male_masculine
common_voice_en_17253387.mp3,multiple accents,male_masculine
common_voice_en_149494.mp3,multiple accents,male_masculine
common_voice_en_17864970.mp3,multiple accents,male_masculine
common_voice_en_181012.mp3,multiple accents,male_masculine
common_voice_en_111571.mp3,multiple accents,male_masculine
common_voice_en_17298521.mp3,multiple accents,male_masculine
common_voice_en_131349.mp3,multiple accents,male_masculine
common_voice_en_15734479.mp3,multiple accents,male_masculine
common_voice_en_181229.mp3,multiple accents,male_masculine
common_voice_en_17392589.mp3,multiple accents,male_masculine
common_voice_en_17392540.mp3,multiple accents,male_masculine
common_voice_en_111363.mp3,multiple accents,male_masculine
common_voice_en_17864960.mp3,multiple accents,male_masculine
common_voice_en_17864967.mp3,multiple accents,male_masculine
common_voice_en_14825.mp3,multiple accents,male_masculine
common_voice_en_15734493.mp3,multiple accents,male_masculine
common_voice_en_15733298.mp3,multiple accents,male_masculine
common_voice_en_15734506.mp3,multiple accents,male_masculine
common_voice_en_16048203.mp3,multiple accents,male_masculine
common_voice_en_15733297.mp3,multiple accents,male_masculine
common_voice_en_17263863.mp3,multiple accents,male_masculine
common_voice_en_18099312.mp3,multiple accents,male_masculine
common_voice_en_17289311.mp3,multiple accents,male_masculine
common_voice_en_17785097.mp3,multiple accents,male_masculine
common_voice_en_17253382.mp3,multiple accents,male_masculine
common_voice_en_111573.mp3,multiple accents,male_masculine
common_voice_en_17888246.mp3,multiple accents,male_masculine
common_voice_en_15734644.mp3,multiple accents,male_masculine
common_voice_en_17746396.mp3,multiple accents,male_masculine
common_voice_en_17450777.mp3,north america (us and canada),female_feminine
common_voice_en_17344200.mp3,north america (us and canada),female_feminine
common_voice_en_15577787.mp3,north america (us and canada),female_feminine
common_voice_en_17344101.mp3,north america (us and canada),female_feminine
common_voice_en_10092.mp3,north america (us and canada),female_feminine
common_voice_en_175674.mp3,north america (us and canada),female_feminine
common_voice_en_148759.mp3,north america (us and canada),female_feminine
common_voice_en_17955247.mp3,north america (us and canada),female_feminine
common_voice_en_17912082.mp3,north america (us and canada),female_feminine
common_voice_en_18129850.mp3,north america (us and canada),female_feminine
common_voice_en_17919851.mp3,north america (us and canada),female_feminine
common_voice_en_17831949.mp3,north america (us and canada),female_feminine
common_voice_en_123686.mp3,north america (us and canada),female_feminine
common_voice_en_17959293.mp3,north america (us and canada),female_feminine
common_voice_en_17958775.mp3,north america (us and canada),female_feminine
common_voice_en_175655.mp3,north america (us and canada),female_feminine
common_voice_en_17979283.mp3,north america (us and canada),female_feminine
common_voice_en_17344031.mp3,north america (us and canada),female_feminine
common_voice_en_177981.mp3,north america (us and canada),female_feminine
common_voice_en_17872539.mp3,north america (us and canada),female_feminine
common_voice_en_17932583.mp3,north america (us and canada),female_feminine
common_voice_en_134322.mp3,north america (us and canada),female_feminine
common_voice_en_156579.mp3,north america (us and canada),female_feminine
common_voice_en_10208917.mp3,north america (us and canada),female_feminine
common_voice_en_17978708.mp3,north america (us and canada),female_feminine
common_voice_en_17955354.mp3,north america (us and canada),female_feminine
common_voice_en_17801158.mp3,north america (us and canada),female_feminine
common_voice_en_17959151.mp3,north america (us and canada),female_feminine
common_voice_en_17432688.mp3,north america (us and canada),female_feminine
common_voice_en_17320774.mp3,north america (us and canada),female_feminine
common_voice_en_17375601.mp3,north america (us and canada),female_feminine
common_voice_en_17543175.mp3,north america (us and canada),female_feminine
common_voice_en_17952422.mp3,north america (us and canada),female_feminine
common_voice_en_17771898.mp3,north america (us and canada),female_feminine
common_voice_en_17488659.mp3,north america (us and canada),female_feminine
common_voice_en_147988.mp3,north america (us and canada),female_feminine
common_voice_en_17952214.mp3,north america (us and canada),female_feminine
common_voice_en_17978711.mp3,north america (us and canada),female_feminine
common_voice_en_17266361.mp3,north america (us and canada),female_feminine
common_voice_en_10208700.mp3,north america (us and canada),female_feminine
common_voice_en_17450836.mp3,north america (us and canada),female_feminine
common_voice_en_1530128.mp3,north america (us and canada),female_feminine
common_voice_en_17696623.mp3,north america (us and canada),female_feminine
common_voice_en_17255536.mp3,north america (us and canada),female_feminine
common_voice_en_17273947.mp3,north america (us and canada),female_feminine
common_voice_en_126024.mp3,north america (us and canada),female_feminine
common_voice_en_17258122.mp3,north america (us and canada),female_feminine
common_voice_en_17917728.mp3,north america (us and canada),female_feminine
common_voice_en_17452816.mp3,north america (us and canada),female_feminine
common_voice_en_17426026.mp3,north america (us and canada),female_feminine
common_voice_en_120723.mp3,north america (us and canada),male_masculine
common_voice_en_17680941.mp3,north america (us and canada),male_masculine
common_voice_en_17945588.mp3,north america (us and canada),male_masculine
common_voice_en_148333.mp3,north america (us and canada),male_masculine
common_voice_en_179706.mp3,north america (us and canada),male_masculine
common_voice_en_17255772.mp3,north america (us and canada),male_masculine
common_voice_en_17887881.mp3,north america (us and canada),male_masculine
common_voice_en_16048570.mp3,north america (us and canada),male_masculine
common_voice_en_17558224.mp3,north america (us and canada),male_masculine
common_voice_en_17650796.mp3,north america (us and canada),male_masculine
common_voice_en_17384726.mp3,north america (us and canada),male_masculine
common_voice_en_18124866.mp3,north america (us and canada),male_masculine
common_voice_en_17266583.mp3,north america (us and canada),male_masculine
common_voice_en_17403770.mp3,north america (us and canada),male_masculine
common_voice_en_171470.mp3,north america (us and canada),male_masculine
common_voice_en_18020357.mp3,north america (us and canada),male_masculine
common_voice_en_17624837.mp3,north america (us and canada),male_masculine
common_voice_en_17298107.mp3,north america (us and canada),male_masculine
common_voice_en_17389061.mp3,north america (us and canada),male_masculine
common_voice_en_17398925.mp3,north america (us and canada),male_masculine
common_voice_en_13765.mp3,north america (us and canada),male_masculine
common_voice_en_153768.mp3,north america (us and canada),male_masculine
common_voice_en_17281236.mp3,north america (us and canada),male_masculine
common_voice_en_17261325.mp3,north america (us and canada),male_masculine
common_voice_en_17259101.mp3,north america (us and canada),male_masculine
common_voice_en_17254114.mp3,north america (us and canada),male_masculine
common_voice_en_115215.mp3,north america (us and canada),male_masculine
common_voice_en_17840377.mp3,north america (us and canada),male_masculine
common_voice_en_17736865.mp3,north america (us and canada),male_masculine
common_voice_en_17248476.mp3,north america (us and canada),male_masculine
common_voice_en_174278.mp3,north america (us and canada),male_masculine
common_voice_en_17969643.mp3,north america (us and canada),male_masculine
common_voice_en_17296119.mp3,north america (us and canada),male_masculine
common_voice_en_18093965.mp3,north america (us and canada),male_masculine
common_voice_en_17254242.mp3,north america (us and canada),male_masculine
common_voice_en_180893.mp3,north america (us and canada),male_masculine
common_voice_en_17258448.mp3,north america (us and canada),male_masculine
common_voice_en_162186.mp3,north america (us and canada),male_masculine
common_voice_en_18124629.mp3,north america (us and canada),male_masculine
common_voice_en_17650761.mp3,north america (us and canada),male_masculine
common_voice_en_17304393.mp3,north america (us and canada),male_masculine
common_voice_en_17383955.mp3,north america (us and canada),male_masculine
common_voice_en_18213865.mp3,north america (us and canada),male_masculine
common_voice_en_145435.mp3,north america (us and canada),male_masculine
common_voice_en_17914840.mp3,north america (us and canada),male_masculine
common_voice_en_17276804.mp3,north america (us and canada),male_masculine
common_voice_en_17288886.mp3,north america (us and canada),male_masculine
common_voice_en_17280437.mp3,north america (us and canada),male_masculine
common_voice_en_17869429.mp3,north america (us and canada),male_masculine
common_voice_en_17256837.mp3,north america (us and canada),male_masculine
common_voice_en_17921951.mp3,other,female_feminine
common_voice_en_17576851.mp3,other,female_feminine
common_voice_en_17581300.mp3,other,female_feminine
common_voice_en_17581309.mp3,other,female_feminine
common_voice_en_17277787.mp3,other,female_feminine
common_voice_en_17595051.mp3,other,female_feminine
common_voice_en_17581296.mp3,other,female_feminine
common_voice_en_17581318.mp3,other,female_feminine
common_voice_en_17277786.mp3,other,female_feminine
common_voice_en_17595154.mp3,other,female_feminine
common_voice_en_17581311.mp3,other,female_feminine
common_voice_en_17581321.mp3,other,female_feminine
common_voice_en_17581294.mp3,other,female_feminine
common_voice_en_17921955.mp3,other,female_feminine
common_voice_en_17595047.mp3,other,female_feminine
common_voice_en_17581279.mp3,other,female_feminine
common_voice_en_17576854.mp3,other,female_feminine
common_voice_en_17576852.mp3,other,female_feminine
common_voice_en_17581304.mp3,other,female_feminine
common_voice_en_17576850.mp3,other,female_feminine
common_voice_en_17581307.mp3,other,female_feminine
common_voice_en_17581281.mp3,other,female_feminine
common_voice_en_17581297.mp3,other,female_feminine
common_voice_en_17595157.mp3,other,female_feminine
common_voice_en_17581287.mp3,other,female_feminine
common_voice_en_17595152.mp3,other,female_feminine
common_voice_en_17581277.mp3,other,female_feminine
common_voice_en_17581290.mp3,other,female_feminine
common_voice_en_17277777.mp3,other,female_feminine
common_voice_en_17581293.mp3,other,female_feminine
common_voice_en_17581288.mp3,other,female_feminine
common_voice_en_17581278.mp3,other,female_feminine
common_voice_en_17581286.mp3,other,female_feminine
common_voice_en_17595053.mp3,other,female_feminine
common_voice_en_17277780.mp3,other,female_feminine
common_voice_en_17581295.mp3,other,female_feminine
common_voice_en_17595050.mp3,other,female_feminine
common_voice_en_17581305.mp3,other,female_feminine
common_voice_en_17581301.mp3,other,female_feminine
common_voice_en_17581292.mp3,other,female_feminine
common_voice_en_17581308.mp3,other,female_feminine
common_voice_en_17921952.mp3,other,female_feminine
common_voice_en_17581283.mp3,other,female_feminine
common_voice_en_17921953.mp3,other,female_feminine
common_voice_en_17581317.mp3,other,female_feminine
common_voice_en_17581303.mp3,other,female_feminine
common_voice_en_17581298.mp3,other,female_feminine
common_voice_en_17581285.mp3,other,female_feminine
common_voice_en_17581320.mp3,other,female_feminine
common_voice_en_17277779.mp3,other,female_feminine
common_voice_en_144292.mp3,other,male_masculine
common_voice_en_144311.mp3,other,male_masculine
common_voice_en_144232.mp3,other,male_masculine
common_voice_en_144362.mp3,other,male_masculine
common_voice_en_17404399.mp3,other,male_masculine
common_voice_en_144265.mp3,other,male_masculine
common_voice_en_144349.mp3,other,male_masculine
common_voice_en_144405.mp3,other,male_masculine
common_voice_en_144197.mp3,other,male_masculine
common_voice_en_144303.mp3,other,male_masculine
common_voice_en_144242.mp3,other,male_masculine
common_voice_en_17261784.mp3,other,male_masculine
common_voice_en_144376.mp3,other,male_masculine
common_voice_en_17283729.mp3,other,male_masculine
common_voice_en_18007.mp3,other,male_masculine
common_voice_en_144419.mp3,other,male_masculine
common_voice_en_144353.mp3,other,male_masculine
common_voice_en_17404406.mp3,other,male_masculine
common_voice_en_144386.mp3,other,male_masculine
common_voice_en_18006.mp3,other,male_masculine
common_voice_en_144374.mp3,other,male_masculine
common_voice_en_144236.mp3,other,male_masculine
common_voice_en_144406.mp3,other,male_masculine
common_voice_en_17261752.mp3,other,male_masculine
common_voice_en_144285.mp3,other,male_masculine
common_voice_en_144396.mp3,other,male_masculine
common_voice_en_144239.mp3,other,male_masculine
common_voice_en_17404400.mp3,other,male_masculine
common_voice_en_17982.mp3,other,male_masculine
common_voice_en_144321.mp3,other,male_masculine
common_voice_en_144259.mp3,other,male_masculine
common_voice_en_17994.mp3,other,male_masculine
common_voice_en_144254.mp3,other,male_masculine
common_voice_en_144385.mp3,other,male_masculine
common_voice_en_144195.mp3,other,male_masculine
common_voice_en_144255.mp3,other,male_masculine
common_voice_en_144209.mp3,other,male_masculine
common_voice_en_144299.mp3,other,male_masculine
common_voice_en_144302.mp3,other,male_masculine
common_voice_en_144244.mp3,other,male_masculine
common_voice_en_144219.mp3,other,male_masculine
common_voice_en_144380.mp3,other,male_masculine
common_voice_en_144273.mp3,other,male_masculine
common_voice_en_144234.mp3,other,male_masculine
common_voice_en_144205.mp3,other,male_masculine
common_voice_en_144418.mp3,other,male_masculine
common_voice_en_144261.mp3,other,male_masculine
common_voice_en_144301.mp3,other,male_masculine
common_voice_en_144277.mp3,other,male_masculine
common_voice_en_144332.mp3,other,male_masculine
common_voice_en_12088.mp3,"south asia (india, pakistan, bangladesh, sri lanka, nepal)",female_feminine
common_voice_en_17271107.mp3,"south asia (india, pakistan, bangladesh, sri lanka, nepal)",female_feminine
common_voice_en_17271286.mp3,"south asia (india, pakistan, bangladesh, sri lanka, nepal)",female_feminine
common_voice_en_17252772.mp3,"south asia (india, pakistan, bangladesh, sri lanka, nepal)",female_feminine
common_voice_en_18114201.mp3,"south asia (india, pakistan, bangladesh, sri lanka, nepal)",female_feminine
common_voice_en_17251931.mp3,"south asia (india, pakistan, bangladesh, sri lanka, nepal)",female_feminine
common_voice_en_17733574.mp3,"south asia (india, pakistan, bangladesh, sri lanka, nepal)",female_feminine
common_voice_en_17825066.mp3,"south asia (india, pakistan, bangladesh, sri lanka, nepal)",female_feminine
common_voice_en_17257212.mp3,"south asia (india, pakistan, bangladesh, sri lanka, nepal)",female_feminine
common_voice_en_17736923.mp3,"south asia (india, pakistan, bangladesh, sri lanka, nepal)",female_feminine
common_voice_en_17346734.mp3,"south asia (india, pakistan, bangladesh, sri lanka, nepal)",female_feminine
common_voice_en_17282647.mp3,"south asia (india, pakistan, bangladesh, sri lanka, nepal)",female_feminine
common_voice_en_17270520.mp3,"south asia (india, pakistan, bangladesh, sri lanka, nepal)",female_feminine
common_voice_en_17252754.mp3,"south asia (india, pakistan, bangladesh, sri lanka, nepal)",female_feminine
common_voice_en_155232.mp3,"south asia (india, pakistan, bangladesh, sri lanka, nepal)",female_feminine
common_voice_en_17256604.mp3,"south asia (india, pakistan, bangladesh, sri lanka, nepal)",female_feminine
common_voice_en_17825083.mp3,"south asia (india, pakistan, bangladesh, sri lanka, nepal)",female_feminine
common_voice_en_12108.mp3,"south asia (india, pakistan, bangladesh, sri lanka, nepal)",female_feminine
common_voice_en_155225.mp3,"south asia (india, pakistan, bangladesh, sri lanka, nepal)",female_feminine
common_voice_en_1735285.mp3,"south asia (india, pakistan, bangladesh, sri lanka, nepal)",female_feminine
common_voice_en_17434826.mp3,"south asia (india, pakistan, bangladesh, sri lanka, nepal)",female_feminine
common_voice_en_17512093.mp3,"south asia (india, pakistan, bangladesh, sri lanka, nepal)",female_feminine
common_voice_en_17254897.mp3,"south asia (india, pakistan, bangladesh, sri lanka, nepal)",female_feminine
common_voice_en_17260025.mp3,"south asia (india, pakistan, bangladesh, sri lanka, nepal)",female_feminine
common_voice_en_17256617.mp3,"south asia (india, pakistan, bangladesh, sri lanka, nepal)",female_feminine
common_voice_en_17256665.mp3,"south asia (india, pakistan, bangladesh, sri lanka, nepal)",female_feminine
common_voice_en_18106778.mp3,"south asia (india, pakistan, bangladesh, sri lanka, nepal)",female_feminine
common_voice_en_17288925.mp3,"south asia (india, pakistan, bangladesh, sri lanka, nepal)",female_feminine
common_voice_en_17254888.mp3,"south asia (india, pakistan, bangladesh, sri lanka, nepal)",female_feminine
common_voice_en_17271825.mp3,"south asia (india, pakistan, bangladesh, sri lanka, nepal)",female_feminine
common_voice_en_17441795.mp3,"south asia (india, pakistan, bangladesh, sri lanka, nepal)",female_feminine
common_voice_en_134277.mp3,"south asia (india, pakistan, bangladesh, sri lanka, nepal)",female_feminine
common_voice_en_17252776.mp3,"south asia (india, pakistan, bangladesh, sri lanka, nepal)",female_feminine
common_voice_en_17434859.mp3,"south asia (india, pakistan, bangladesh, sri lanka, nepal)",female_feminine
common_voice_en_17256642.mp3,"south asia (india, pakistan, bangladesh, sri lanka, nepal)",female_feminine
common_voice_en_155204.mp3,"south asia (india, pakistan, bangladesh, sri lanka, nepal)",female_feminine
common_voice_en_17300757.mp3,"south asia (india, pakistan, bangladesh, sri lanka, nepal)",female_feminine
common_voice_en_17308810.mp3,"south asia (india, pakistan, bangladesh, sri lanka, nepal)",female_feminine
common_voice_en_18099403.mp3,"south asia (india, pakistan, bangladesh, sri lanka, nepal)",female_feminine
common_voice_en_18106601.mp3,"south asia (india, pakistan, bangladesh, sri lanka, nepal)",female_feminine
common_voice_en_17434830.mp3,"south asia (india, pakistan, bangladesh, sri lanka, nepal)",female_feminine
common_voice_en_12116.mp3,"south asia (india, pakistan, bangladesh, sri lanka, nepal)",female_feminine
common_voice_en_17300772.mp3,"south asia (india, pakistan, bangladesh, sri lanka, nepal)",female_feminine
common_voice_en_179949.mp3,"south asia (india, pakistan, bangladesh, sri lanka, nepal)",female_feminine
common_voice_en_17252797.mp3,"south asia (india, pakistan, bangladesh, sri lanka, nepal)",female_feminine
common_voice_en_17535446.mp3,"south asia (india, pakistan, bangladesh, sri lanka, nepal)",female_feminine
common_voice_en_17271115.mp3,"south asia (india, pakistan, bangladesh, sri lanka, nepal)",female_feminine
common_voice_en_179965.mp3,"south asia (india, pakistan, bangladesh, sri lanka, nepal)",female_feminine
common_voice_en_17441797.mp3,"south asia (india, pakistan, bangladesh, sri lanka, nepal)",female_feminine
common_voice_en_17256667.mp3,"south asia (india, pakistan, bangladesh, sri lanka, nepal)",female_feminine
common_voice_en_17268774.mp3,"south asia (india, pakistan, bangladesh, sri lanka, nepal)",male_masculine
common_voice_en_17250974.mp3,"south asia (india, pakistan, bangladesh, sri lanka, nepal)",male_masculine
common_voice_en_171912.mp3,"south asia (india, pakistan, bangladesh, sri lanka, nepal)",male_masculine
common_voice_en_17258089.mp3,"south asia (india, pakistan, bangladesh, sri lanka, nepal)",male_masculine
common_voice_en_18120270.mp3,"south asia (india, pakistan, bangladesh, sri lanka, nepal)",male_masculine
common_voice_en_17776455.mp3,"south asia (india, pakistan, bangladesh, sri lanka, nepal)",male_masculine
common_voice_en_17776286.mp3,"south asia (india, pakistan, bangladesh, sri lanka, nepal)",male_masculine
common_voice_en_18034653.mp3,"south asia (india, pakistan, bangladesh, sri lanka, nepal)",male_masculine
common_voice_en_134469.mp3,"south asia (india, pakistan, bangladesh, sri lanka, nepal)",male_masculine
common_voice_en_18115153.mp3,"south asia (india, pakistan, bangladesh, sri lanka, nepal)",male_masculine
common_voice_en_17253269.mp3,"south asia (india, pakistan, bangladesh, sri lanka, nepal)",male_masculine
common_voice_en_13813856.mp3,"south asia (india, pakistan, bangladesh, sri lanka, nepal)",male_masculine
common_voice_en_17285860.mp3,"south asia (india, pakistan, bangladesh, sri lanka, nepal)",male_masculine
common_voice_en_141555.mp3,"south asia (india, pakistan, bangladesh, sri lanka, nepal)",male_masculine
common_voice_en_17294072.mp3,"south asia (india, pakistan, bangladesh, sri lanka, nepal)",male_masculine
common_voice_en_16217523.mp3,"south asia (india, pakistan, bangladesh, sri lanka, nepal)",male_masculine
common_voice_en_17416265.mp3,"south asia (india, pakistan, bangladesh, sri lanka, nepal)",male_masculine
common_voice_en_17732986.mp3,"south asia (india, pakistan, bangladesh, sri lanka, nepal)",male_masculine
common_voice_en_17296320.mp3,"south asia (india, pakistan, bangladesh, sri lanka, nepal)",male_masculine
common_voice_en_101565.mp3,"south asia (india, pakistan, bangladesh, sri lanka, nepal)",male_masculine
common_voice_en_17967644.mp3,"south asia (india, pakistan, bangladesh, sri lanka, nepal)",male_masculine
common_voice_en_111065.mp3,"south asia (india, pakistan, bangladesh, sri lanka, nepal)",male_masculine
common_voice_en_17777000.mp3,"south asia (india, pakistan, bangladesh, sri lanka, nepal)",male_masculine
common_voice_en_17461425.mp3,"south asia (india, pakistan, bangladesh, sri lanka, nepal)",male_masculine
common_voice_en_17283670.mp3,"south asia (india, pakistan, bangladesh, sri lanka, nepal)",male_masculine
common_voice_en_17250951.mp3,"south asia (india, pakistan, bangladesh, sri lanka, nepal)",male_masculine
common_voice_en_13813779.mp3,"south asia (india, pakistan, bangladesh, sri lanka, nepal)",male_masculine
common_voice_en_17331199.mp3,"south asia (india, pakistan, bangladesh, sri lanka, nepal)",male_masculine
common_voice_en_17147416.mp3,"south asia (india, pakistan, bangladesh, sri lanka, nepal)",male_masculine
common_voice_en_17332751.mp3,"south asia (india, pakistan, bangladesh, sri lanka, nepal)",male_masculine
common_voice_en_17777355.mp3,"south asia (india, pakistan, bangladesh, sri lanka, nepal)",male_masculine
common_voice_en_17708141.mp3,"south asia (india, pakistan, bangladesh, sri lanka, nepal)",male_masculine
common_voice_en_17246515.mp3,"south asia (india, pakistan, bangladesh, sri lanka, nepal)",male_masculine
common_voice_en_119987.mp3,"south asia (india, pakistan, bangladesh, sri lanka, nepal)",male_masculine
common_voice_en_17331139.mp3,"south asia (india, pakistan, bangladesh, sri lanka, nepal)",male_masculine
common_voice_en_17331147.mp3,"south asia (india, pakistan, bangladesh, sri lanka, nepal)",male_masculine
common_voice_en_13813725.mp3,"south asia (india, pakistan, bangladesh, sri lanka, nepal)",male_masculine
common_voice_en_17246191.mp3,"south asia (india, pakistan, bangladesh, sri lanka, nepal)",male_masculine
common_voice_en_17947273.mp3,"south asia (india, pakistan, bangladesh, sri lanka, nepal)",male_masculine
common_voice_en_17252995.mp3,"south asia (india, pakistan, bangladesh, sri lanka, nepal)",male_masculine
common_voice_en_17322386.mp3,"south asia (india, pakistan, bangladesh, sri lanka, nepal)",male_masculine
common_voice_en_124385.mp3,"south asia (india, pakistan, bangladesh, sri lanka, nepal)",male_masculine
common_voice_en_17825610.mp3,"south asia (india, pakistan, bangladesh, sri lanka, nepal)",male_masculine
common_voice_en_17354989.mp3,"south asia (india, pakistan, bangladesh, sri lanka, nepal)",male_masculine
common_voice_en_17248715.mp3,"south asia (india, pakistan, bangladesh, sri lanka, nepal)",male_masculine
common_voice_en_17401258.mp3,"south asia (india, pakistan, bangladesh, sri lanka, nepal)",male_masculine
common_voice_en_17927962.mp3,"south asia (india, pakistan, bangladesh, sri lanka, nepal)",male_masculine
common_voice_en_17247729.mp3,"south asia (india, pakistan, bangladesh, sri lanka, nepal)",male_masculine
common_voice_en_17257586.mp3,"south asia (india, pakistan, bangladesh, sri lanka, nepal)",male_masculine
common_voice_en_13813677.mp3,"south asia (india, pakistan, bangladesh, sri lanka, nepal)",male_masculine
common_voice_en_17453382.mp3,"southeast asia (singapore, malaysia, the philippines, indonesia, thailand, vietnam, myanmar, cambodia, and others)",female_feminine
common_voice_en_17329576.mp3,"southeast asia (singapore, malaysia, the philippines, indonesia, thailand, vietnam, myanmar, cambodia, and others)",female_feminine
common_voice_en_17361490.mp3,"southeast asia (singapore, malaysia, the philippines, indonesia, thailand, vietnam, myanmar, cambodia, and others)",female_feminine
common_voice_en_1466770.mp3,"southeast asia (singapore, malaysia, the philippines, indonesia, thailand, vietnam, myanmar, cambodia, and others)",female_feminine
common_voice_en_13530.mp3,"southeast asia (singapore, malaysia, the philippines, indonesia, thailand, vietnam, myanmar, cambodia, and others)",female_feminine
common_voice_en_1466773.mp3,"southeast asia (singapore, malaysia, the philippines, indonesia, thailand, vietnam, myanmar, cambodia, and others)",female_feminine
common_voice_en_123958.mp3,"southeast asia (singapore, malaysia, the philippines, indonesia, thailand, vietnam, myanmar, cambodia, and others)",female_feminine
common_voice_en_15677.mp3,"southeast asia (singapore, malaysia, the philippines, indonesia, thailand, vietnam, myanmar, cambodia, and others)",female_feminine
common_voice_en_15747.mp3,"southeast asia (singapore, malaysia, the philippines, indonesia, thailand, vietnam, myanmar, cambodia, and others)",female_feminine
common_voice_en_17361476.mp3,"southeast asia (singapore, malaysia, the philippines, indonesia, thailand, vietnam, myanmar, cambodia, and others)",female_feminine
common_voice_en_1466787.mp3,"southeast asia (singapore, malaysia, the philippines, indonesia, thailand, vietnam, myanmar, cambodia, and others)",female_feminine
common_voice_en_15653.mp3,"southeast asia (singapore, malaysia, the philippines, indonesia, thailand, vietnam, myanmar, cambodia, and others)",female_feminine
common_voice_en_17453396.mp3,"southeast asia (singapore, malaysia, the philippines, indonesia, thailand, vietnam, myanmar, cambodia, and others)",female_feminine
common_voice_en_17453420.mp3,"southeast asia (singapore, malaysia, the philippines, indonesia, thailand, vietnam, myanmar, cambodia, and others)",female_feminine
common_voice_en_17453378.mp3,"southeast asia (singapore, malaysia, the philippines, indonesia, thailand, vietnam, myanmar, cambodia, and others)",female_feminine
common_voice_en_17453383.mp3,"southeast asia (singapore, malaysia, the philippines, indonesia, thailand, vietnam, myanmar, cambodia, and others)",female_feminine
common_voice_en_17343610.mp3,"southeast asia (singapore, malaysia, the philippines, indonesia, thailand, vietnam, myanmar, cambodia, and others)",female_feminine
common_voice_en_15645.mp3,"southeast asia (singapore, malaysia, the philippines, indonesia, thailand, vietnam, myanmar, cambodia, and others)",female_feminine
common_voice_en_15654.mp3,"southeast asia (singapore, malaysia, the philippines, indonesia, thailand, vietnam, myanmar, cambodia, and others)",female_feminine
common_voice_en_15658.mp3,"southeast asia (singapore, malaysia, the philippines, indonesia, thailand, vietnam, myanmar, cambodia, and others)",female_feminine
common_voice_en_1466785.mp3,"southeast asia (singapore, malaysia, the philippines, indonesia, thailand, vietnam, myanmar, cambodia, and others)",female_feminine
common_voice_en_123970.mp3,"southeast asia (singapore, malaysia, the philippines, indonesia, thailand, vietnam, myanmar, cambodia, and others)",female_feminine
common_voice_en_124004.mp3,"southeast asia (singapore, malaysia, the philippines, indonesia, thailand, vietnam, myanmar, cambodia, and others)",female_feminine
common_voice_en_15705.mp3,"southeast asia (singapore, malaysia, the philippines, indonesia, thailand, vietnam, myanmar, cambodia, and others)",female_feminine
common_voice_en_1466788.mp3,"southeast asia (singapore, malaysia, the philippines, indonesia, thailand, vietnam, myanmar, cambodia, and others)",female_feminine
common_voice_en_15665.mp3,"southeast asia (singapore, malaysia, the philippines, indonesia, thailand, vietnam, myanmar, cambodia, and others)",female_feminine
common_voice_en_123979.mp3,"southeast asia (singapore, malaysia, the philippines, indonesia, thailand, vietnam, myanmar, cambodia, and others)",female_feminine
common_voice_en_1280843.mp3,"southeast asia (singapore, malaysia, the philippines, indonesia, thailand, vietnam, myanmar, cambodia, and others)",female_feminine
common_voice_en_17453390.mp3,"southeast asia (singapore, malaysia, the philippines, indonesia, thailand, vietnam, myanmar, cambodia, and others)",female_feminine
common_voice_en_17453334.mp3,"southeast asia (singapore, malaysia, the philippines, indonesia, thailand, vietnam, myanmar, cambodia, and others)",female_feminine
common_voice_en_123974.mp3,"southeast asia (singapore, malaysia, the philippines, indonesia, thailand, vietnam, myanmar, cambodia, and others)",female_feminine
common_voice_en_17343577.mp3,"southeast asia (singapore, malaysia, the philippines, indonesia, thailand, vietnam, myanmar, cambodia, and others)",female_feminine
common_voice_en_1466798.mp3,"southeast asia (singapore, malaysia, the philippines, indonesia, thailand, vietnam, myanmar, cambodia, and others)",female_feminine
common_voice_en_17453348.mp3,"southeast asia (singapore, malaysia, the philippines, indonesia, thailand, vietnam, myanmar, cambodia, and others)",female_feminine
common_voice_en_123959.mp3,"southeast asia (singapore, malaysia, the philippines, indonesia, thailand, vietnam, myanmar, cambodia, and others)",female_feminine
common_voice_en_123967.mp3,"southeast asia (singapore, malaysia, the philippines, indonesia, thailand, vietnam, myanmar, cambodia, and others)",female_feminine
common_voice_en_17361475.mp3,"southeast asia (singapore, malaysia, the philippines, indonesia, thailand, vietnam, myanmar, cambodia, and others)",female_feminine
common_voice_en_17256419.mp3,"southeast asia (singapore, malaysia, the philippines, indonesia, thailand, vietnam, myanmar, cambodia, and others)",female_feminine
common_voice_en_15694.mp3,"southeast asia (singapore, malaysia, the philippines, indonesia, thailand, vietnam, myanmar, cambodia, and others)",female_feminine
common_voice_en_123985.mp3,"southeast asia (singapore, malaysia, the philippines, indonesia, thailand, vietnam, myanmar, cambodia, and others)",female_feminine
common_voice_en_17361472.mp3,"southeast asia (singapore, malaysia, the philippines, indonesia, thailand, vietnam, myanmar, cambodia, and others)",female_feminine
common_voice_en_13529.mp3,"southeast asia (singapore, malaysia, the philippines, indonesia, thailand, vietnam, myanmar, cambodia, and others)",female_feminine
common_voice_en_15671.mp3,"southeast asia (singapore, malaysia, the philippines, indonesia, thailand, vietnam, myanmar, cambodia, and others)",female_feminine
common_voice_en_15745.mp3,"southeast asia (singapore, malaysia, the philippines, indonesia, thailand, vietnam, myanmar, cambodia, and others)",female_feminine
common_voice_en_17453404.mp3,"southeast asia (singapore, malaysia, the philippines, indonesia, thailand, vietnam, myanmar, cambodia, and others)",female_feminine
common_voice_en_15693.mp3,"southeast asia (singapore, malaysia, the philippines, indonesia, thailand, vietnam, myanmar, cambodia, and others)",female_feminine
common_voice_en_15728.mp3,"southeast asia (singapore, malaysia, the philippines, indonesia, thailand, vietnam, myanmar, cambodia, and others)",female_feminine
common_voice_en_17343613.mp3,"southeast asia (singapore, malaysia, the philippines, indonesia, thailand, vietnam, myanmar, cambodia, and others)",female_feminine
common_voice_en_17453380.mp3,"southeast asia (singapore, malaysia, the philippines, indonesia, thailand, vietnam, myanmar, cambodia, and others)",female_feminine
common_voice_en_1466791.mp3,"southeast asia (singapore, malaysia, the philippines, indonesia, thailand, vietnam, myanmar, cambodia, and others)",female_feminine
common_voice_en_114763.mp3,"southeast asia (singapore, malaysia, the philippines, indonesia, thailand, vietnam, myanmar, cambodia, and others)",male_masculine
common_voice_en_16048874.mp3,"southeast asia (singapore, malaysia, the philippines, indonesia, thailand, vietnam, myanmar, cambodia, and others)",male_masculine
common_voice_en_17885610.mp3,"southeast asia (singapore, malaysia, the philippines, indonesia, thailand, vietnam, myanmar, cambodia, and others)",male_masculine
common_voice_en_17291443.mp3,"southeast asia (singapore, malaysia, the philippines, indonesia, thailand, vietnam, myanmar, cambodia, and others)",male_masculine
common_voice_en_18224204.mp3,"southeast asia (singapore, malaysia, the philippines, indonesia, thailand, vietnam, myanmar, cambodia, and others)",male_masculine
common_voice_en_17776178.mp3,"southeast asia (singapore, malaysia, the philippines, indonesia, thailand, vietnam, myanmar, cambodia, and others)",male_masculine
common_voice_en_116211.mp3,"southeast asia (singapore, malaysia, the philippines, indonesia, thailand, vietnam, myanmar, cambodia, and others)",male_masculine
common_voice_en_107226.mp3,"southeast asia (singapore, malaysia, the philippines, indonesia, thailand, vietnam, myanmar, cambodia, and others)",male_masculine
common_voice_en_17345289.mp3,"southeast asia (singapore, malaysia, the philippines, indonesia, thailand, vietnam, myanmar, cambodia, and others)",male_masculine
common_voice_en_116216.mp3,"southeast asia (singapore, malaysia, the philippines, indonesia, thailand, vietnam, myanmar, cambodia, and others)",male_masculine
common_voice_en_17250814.mp3,"southeast asia (singapore, malaysia, the philippines, indonesia, thailand, vietnam, myanmar, cambodia, and others)",male_masculine
common_voice_en_13481.mp3,"southeast asia (singapore, malaysia, the philippines, indonesia, thailand, vietnam, myanmar, cambodia, and others)",male_masculine
common_voice_en_13714942.mp3,"southeast asia (singapore, malaysia, the philippines, indonesia, thailand, vietnam, myanmar, cambodia, and others)",male_masculine
common_voice_en_17291427.mp3,"southeast asia (singapore, malaysia, the philippines, indonesia, thailand, vietnam, myanmar, cambodia, and others)",male_masculine
common_voice_en_17392963.mp3,"southeast asia (singapore, malaysia, the philippines, indonesia, thailand, vietnam, myanmar, cambodia, and others)",male_masculine
common_voice_en_17776224.mp3,"southeast asia (singapore, malaysia, the philippines, indonesia, thailand, vietnam, myanmar, cambodia, and others)",male_masculine
common_voice_en_107232.mp3,"southeast asia (singapore, malaysia, the philippines, indonesia, thailand, vietnam, myanmar, cambodia, and others)",male_masculine
common_voice_en_17252813.mp3,"southeast asia (singapore, malaysia, the philippines, indonesia, thailand, vietnam, myanmar, cambodia, and others)",male_masculine
common_voice_en_131684.mp3,"southeast asia (singapore, malaysia, the philippines, indonesia, thailand, vietnam, myanmar, cambodia, and others)",male_masculine
common_voice_en_17808362.mp3,"southeast asia (singapore, malaysia, the philippines, indonesia, thailand, vietnam, myanmar, cambodia, and others)",male_masculine
common_voice_en_17281011.mp3,"southeast asia (singapore, malaysia, the philippines, indonesia, thailand, vietnam, myanmar, cambodia, and others)",male_masculine
common_voice_en_17393001.mp3,"southeast asia (singapore, malaysia, the philippines, indonesia, thailand, vietnam, myanmar, cambodia, and others)",male_masculine
common_voice_en_17776212.mp3,"southeast asia (singapore, malaysia, the philippines, indonesia, thailand, vietnam, myanmar, cambodia, and others)",male_masculine
common_voice_en_17798785.mp3,"southeast asia (singapore, malaysia, the philippines, indonesia, thailand, vietnam, myanmar, cambodia, and others)",male_masculine
common_voice_en_17776236.mp3,"southeast asia (singapore, malaysia, the philippines, indonesia, thailand, vietnam, myanmar, cambodia, and others)",male_masculine
common_voice_en_17345193.mp3,"southeast asia (singapore, malaysia, the philippines, indonesia, thailand, vietnam, myanmar, cambodia, and others)",male_masculine
common_voice_en_18218694.mp3,"southeast asia (singapore, malaysia, the philippines, indonesia, thailand, vietnam, myanmar, cambodia, and others)",male_masculine
common_voice_en_17885571.mp3,"southeast asia (singapore, malaysia, the philippines, indonesia, thailand, vietnam, myanmar, cambodia, and others)",male_masculine
common_voice_en_17776202.mp3,"southeast asia (singapore, malaysia, the philippines, indonesia, thailand, vietnam, myanmar, cambodia, and others)",male_masculine
common_voice_en_131649.mp3,"southeast asia (singapore, malaysia, the philippines, indonesia, thailand, vietnam, myanmar, cambodia, and others)",male_masculine
common_voice_en_17392984.mp3,"southeast asia (singapore, malaysia, the philippines, indonesia, thailand, vietnam, myanmar, cambodia, and others)",male_masculine
common_voice_en_17296008.mp3,"southeast asia (singapore, malaysia, the philippines, indonesia, thailand, vietnam, myanmar, cambodia, and others)",male_masculine
common_voice_en_17291448.mp3,"southeast asia (singapore, malaysia, the philippines, indonesia, thailand, vietnam, myanmar, cambodia, and others)",male_masculine
common_voice_en_17281031.mp3,"southeast asia (singapore, malaysia, the philippines, indonesia, thailand, vietnam, myanmar, cambodia, and others)",male_masculine
common_voice_en_17345183.mp3,"southeast asia (singapore, malaysia, the philippines, indonesia, thailand, vietnam, myanmar, cambodia, and others)",male_masculine
common_voice_en_131663.mp3,"southeast asia (singapore, malaysia, the philippines, indonesia, thailand, vietnam, myanmar, cambodia, and others)",male_masculine
common_voice_en_17896085.mp3,"southeast asia (singapore, malaysia, the philippines, indonesia, thailand, vietnam, myanmar, cambodia, and others)",male_masculine
common_voice_en_17896118.mp3,"southeast asia (singapore, malaysia, the philippines, indonesia, thailand, vietnam, myanmar, cambodia, and others)",male_masculine
common_voice_en_17567630.mp3,"southeast asia (singapore, malaysia, the philippines, indonesia, thailand, vietnam, myanmar, cambodia, and others)",male_masculine
common_voice_en_18218654.mp3,"southeast asia (singapore, malaysia, the philippines, indonesia, thailand, vietnam, myanmar, cambodia, and others)",male_masculine
common_voice_en_17281015.mp3,"southeast asia (singapore, malaysia, the philippines, indonesia, thailand, vietnam, myanmar, cambodia, and others)",male_masculine
common_voice_en_17252819.mp3,"southeast asia (singapore, malaysia, the philippines, indonesia, thailand, vietnam, myanmar, cambodia, and others)",male_masculine
common_voice_en_17896090.mp3,"southeast asia (singapore, malaysia, the philippines, indonesia, thailand, vietnam, myanmar, cambodia, and others)",male_masculine
common_voice_en_18012438.mp3,"southeast asia (singapore, malaysia, the philippines, indonesia, thailand, vietnam, myanmar, cambodia, and others)",male_masculine
common_voice_en_17360303.mp3,"southeast asia (singapore, malaysia, the philippines, indonesia, thailand, vietnam, myanmar, cambodia, and others)",male_masculine
common_voice_en_17393060.mp3,"southeast asia (singapore, malaysia, the philippines, indonesia, thailand, vietnam, myanmar, cambodia, and others)",male_masculine
common_voice_en_16048879.mp3,"southeast asia (singapore, malaysia, the philippines, indonesia, thailand, vietnam, myanmar, cambodia, and others)",male_masculine
common_voice_en_17147858.mp3,"southeast asia (singapore, malaysia, the philippines, indonesia, thailand, vietnam, myanmar, cambodia, and others)",male_masculine
common_voice_en_17392986.mp3,"southeast asia (singapore, malaysia, the philippines, indonesia, thailand, vietnam, myanmar, cambodia, and others)",male_masculine
common_voice_en_17345197.mp3,"southeast asia (singapore, malaysia, the philippines, indonesia, thailand, vietnam, myanmar, cambodia, and others)",male_masculine
common_voice_en_148549.mp3,"sub-saharan africa (all countries south of the sahara desert, excluding south africa)",female_feminine
common_voice_en_17822117.mp3,"sub-saharan africa (all countries south of the sahara desert, excluding south africa)",female_feminine
common_voice_en_17256519.mp3,"sub-saharan africa (all countries south of the sahara desert, excluding south africa)",female_feminine
common_voice_en_17822128.mp3,"sub-saharan africa (all countries south of the sahara desert, excluding south africa)",female_feminine
common_voice_en_17270713.mp3,"sub-saharan africa (all countries south of the sahara desert, excluding south africa)",female_feminine
common_voice_en_17822143.mp3,"sub-saharan africa (all countries south of the sahara desert, excluding south africa)",female_feminine
common_voice_en_17270726.mp3,"sub-saharan africa (all countries south of the sahara desert, excluding south africa)",female_feminine
common_voice_en_17256484.mp3,"sub-saharan africa (all countries south of the sahara desert, excluding south africa)",female_feminine
common_voice_en_17822164.mp3,"sub-saharan africa (all countries south of the sahara desert, excluding south africa)",female_feminine
common_voice_en_17271693.mp3,"sub-saharan africa (all countries south of the sahara desert, excluding south africa)",female_feminine
common_voice_en_17270700.mp3,"sub-saharan africa (all countries south of the sahara desert, excluding south africa)",female_feminine
common_voice_en_17271717.mp3,"sub-saharan africa (all countries south of the sahara desert, excluding south africa)",female_feminine
common_voice_en_17271672.mp3,"sub-saharan africa (all countries south of the sahara desert, excluding south africa)",female_feminine
common_voice_en_17256522.mp3,"sub-saharan africa (all countries south of the sahara desert, excluding south africa)",female_feminine
common_voice_en_17822176.mp3,"sub-saharan africa (all countries south of the sahara desert, excluding south africa)",female_feminine
common_voice_en_17270711.mp3,"sub-saharan africa (all countries south of the sahara desert, excluding south africa)",female_feminine
common_voice_en_17271671.mp3,"sub-saharan africa (all countries south of the sahara desert, excluding south africa)",female_feminine
common_voice_en_17822152.mp3,"sub-saharan africa (all countries south of the sahara desert, excluding south africa)",female_feminine
common_voice_en_17822104.mp3,"sub-saharan africa (all countries south of the sahara desert, excluding south africa)",female_feminine
common_voice_en_17256499.mp3,"sub-saharan africa (all countries south of the sahara desert, excluding south africa)",female_feminine
common_voice_en_17271666.mp3,"sub-saharan africa (all countries south of the sahara desert, excluding south africa)",female_feminine
common_voice_en_17271715.mp3,"sub-saharan africa (all countries south of the sahara desert, excluding south africa)",female_feminine
common_voice_en_17256485.mp3,"sub-saharan africa (all countries south of the sahara desert, excluding south africa)",female_feminine
common_voice_en_17256481.mp3,"sub-saharan africa (all countries south of the sahara desert, excluding south africa)",female_feminine
common_voice_en_17270702.mp3,"sub-saharan africa (all countries south of the sahara desert, excluding south africa)",female_feminine
common_voice_en_17402865.mp3,"sub-saharan africa (all countries south of the sahara desert, excluding south africa)",female_feminine
common_voice_en_148541.mp3,"sub-saharan africa (all countries south of the sahara desert, excluding south africa)",female_feminine
common_voice_en_17270716.mp3,"sub-saharan africa (all countries south of the sahara desert, excluding south africa)",female_feminine
common_voice_en_17822109.mp3,"sub-saharan africa (all countries south of the sahara desert, excluding south africa)",female_feminine
common_voice_en_148543.mp3,"sub-saharan africa (all countries south of the sahara desert, excluding south africa)",female_feminine
common_voice_en_17822114.mp3,"sub-saharan africa (all countries south of the sahara desert, excluding south africa)",female_feminine
common_voice_en_17256507.mp3,"sub-saharan africa (all countries south of the sahara desert, excluding south africa)",female_feminine
common_voice_en_17822150.mp3,"sub-saharan africa (all countries south of the sahara desert, excluding south africa)",female_feminine
common_voice_en_17271669.mp3,"sub-saharan africa (all countries south of the sahara desert, excluding south africa)",female_feminine
common_voice_en_17271698.mp3,"sub-saharan africa (all countries south of the sahara desert, excluding south africa)",female_feminine
common_voice_en_17881658.mp3,"sub-saharan africa (all countries south of the sahara desert, excluding south africa)",female_feminine
common_voice_en_17822121.mp3,"sub-saharan africa (all countries south of the sahara desert, excluding south africa)",female_feminine
common_voice_en_17256506.mp3,"sub-saharan africa (all countries south of the sahara desert, excluding south africa)",female_feminine
common_voice_en_17822120.mp3,"sub-saharan africa (all countries south of the sahara desert, excluding south africa)",female_feminine
common_voice_en_17822119.mp3,"sub-saharan africa (all countries south of the sahara desert, excluding south africa)",female_feminine
common_voice_en_148544.mp3,"sub-saharan africa (all countries south of the sahara desert, excluding south africa)",female_feminine
common_voice_en_17822126.mp3,"sub-saharan africa (all countries south of the sahara desert, excluding south africa)",female_feminine
common_voice_en_17271689.mp3,"sub-saharan africa (all countries south of the sahara desert, excluding south africa)",female_feminine
common_voice_en_10054.mp3,"sub-saharan africa (all countries south of the sahara desert, excluding south africa)",female_feminine
common_voice_en_17256517.mp3,"sub-saharan africa (all countries south of the sahara desert, excluding south africa)",female_feminine
common_voice_en_17270733.mp3,"sub-saharan africa (all countries south of the sahara desert, excluding south africa)",female_feminine
common_voice_en_17256530.mp3,"sub-saharan africa (all countries south of the sahara desert, excluding south africa)",female_feminine
common_voice_en_17270725.mp3,"sub-saharan africa (all countries south of the sahara desert, excluding south africa)",female_feminine
common_voice_en_17256533.mp3,"sub-saharan africa (all countries south of the sahara desert, excluding south africa)",female_feminine
common_voice_en_17270697.mp3,"sub-saharan africa (all countries south of the sahara desert, excluding south africa)",female_feminine
common_voice_en_17272293.mp3,"sub-saharan africa (all countries south of the sahara desert, excluding south africa)",male_masculine
common_voice_en_17252970.mp3,"sub-saharan africa (all countries south of the sahara desert, excluding south africa)",male_masculine
common_voice_en_17586933.mp3,"sub-saharan africa (all countries south of the sahara desert, excluding south africa)",male_masculine
common_voice_en_17391617.mp3,"sub-saharan africa (all countries south of the sahara desert, excluding south africa)",male_masculine
common_voice_en_17272607.mp3,"sub-saharan africa (all countries south of the sahara desert, excluding south africa)",male_masculine
common_voice_en_143977.mp3,"sub-saharan africa (all countries south of the sahara desert, excluding south africa)",male_masculine
common_voice_en_17272513.mp3,"sub-saharan africa (all countries south of the sahara desert, excluding south africa)",male_masculine
common_voice_en_17586921.mp3,"sub-saharan africa (all countries south of the sahara desert, excluding south africa)",male_masculine
common_voice_en_17586970.mp3,"sub-saharan africa (all countries south of the sahara desert, excluding south africa)",male_masculine
common_voice_en_17384967.mp3,"sub-saharan africa (all countries south of the sahara desert, excluding south africa)",male_masculine
common_voice_en_17385088.mp3,"sub-saharan africa (all countries south of the sahara desert, excluding south africa)",male_masculine
common_voice_en_17283576.mp3,"sub-saharan africa (all countries south of the sahara desert, excluding south africa)",male_masculine
common_voice_en_143991.mp3,"sub-saharan africa (all countries south of the sahara desert, excluding south africa)",male_masculine
common_voice_en_17385151.mp3,"sub-saharan africa (all countries south of the sahara desert, excluding south africa)",male_masculine
common_voice_en_16666083.mp3,"sub-saharan africa (all countries south of the sahara desert, excluding south africa)",male_masculine
common_voice_en_17860860.mp3,"sub-saharan africa (all countries south of the sahara desert, excluding south africa)",male_masculine
common_voice_en_17272666.mp3,"sub-saharan africa (all countries south of the sahara desert, excluding south africa)",male_masculine
common_voice_en_128338.mp3,"sub-saharan africa (all countries south of the sahara desert, excluding south africa)",male_masculine
common_voice_en_17391794.mp3,"sub-saharan africa (all countries south of the sahara desert, excluding south africa)",male_masculine
common_voice_en_17272493.mp3,"sub-saharan africa (all countries south of the sahara desert, excluding south africa)",male_masculine
common_voice_en_17272294.mp3,"sub-saharan africa (all countries south of the sahara desert, excluding south africa)",male_masculine
common_voice_en_17996540.mp3,"sub-saharan africa (all countries south of the sahara desert, excluding south africa)",male_masculine
common_voice_en_17731953.mp3,"sub-saharan africa (all countries south of the sahara desert, excluding south africa)",male_masculine
common_voice_en_17272740.mp3,"sub-saharan africa (all countries south of the sahara desert, excluding south africa)",male_masculine
common_voice_en_17272629.mp3,"sub-saharan africa (all countries south of the sahara desert, excluding south africa)",male_masculine
common_voice_en_17272473.mp3,"sub-saharan africa (all countries south of the sahara desert, excluding south africa)",male_masculine
common_voice_en_17563862.mp3,"sub-saharan africa (all countries south of the sahara desert, excluding south africa)",male_masculine
common_voice_en_17586968.mp3,"sub-saharan africa (all countries south of the sahara desert, excluding south africa)",male_masculine
common_voice_en_17268542.mp3,"sub-saharan africa (all countries south of the sahara desert, excluding south africa)",male_masculine
common_voice_en_17147817.mp3,"sub-saharan africa (all countries south of the sahara desert, excluding south africa)",male_masculine
common_voice_en_17272659.mp3,"sub-saharan africa (all countries south of the sahara desert, excluding south africa)",male_masculine
common_voice_en_17996537.mp3,"sub-saharan africa (all countries south of the sahara desert, excluding south africa)",male_masculine
common_voice_en_105515.mp3,"sub-saharan africa (all countries south of the sahara desert, excluding south africa)",male_masculine
common_voice_en_126838.mp3,"sub-saharan africa (all countries south of the sahara desert, excluding south africa)",male_masculine
common_voice_en_17343652.mp3,"sub-saharan africa (all countries south of the sahara desert, excluding south africa)",male_masculine
common_voice_en_17385156.mp3,"sub-saharan africa (all countries south of the sahara desert, excluding south africa)",male_masculine
common_voice_en_17272674.mp3,"sub-saharan africa (all countries south of the sahara desert, excluding south africa)",male_masculine
common_voice_en_17268539.mp3,"sub-saharan africa (all countries south of the sahara desert, excluding south africa)",male_masculine
common_voice_en_17717576.mp3,"sub-saharan africa (all countries south of the sahara desert, excluding south africa)",male_masculine
common_voice_en_17283579.mp3,"sub-saharan africa (all countries south of the sahara desert, excluding south africa)",male_masculine
common_voice_en_17391698.mp3,"sub-saharan africa (all countries south of the sahara desert, excluding south africa)",male_masculine
common_voice_en_17272572.mp3,"sub-saharan africa (all countries south of the sahara desert, excluding south africa)",male_masculine
common_voice_en_17283575.mp3,"sub-saharan africa (all countries south of the sahara desert, excluding south africa)",male_masculine
common_voice_en_17385087.mp3,"sub-saharan africa (all countries south of the sahara desert, excluding south africa)",male_masculine
common_voice_en_17926049.mp3,"sub-saharan africa (all countries south of the sahara desert, excluding south africa)",male_masculine
common_voice_en_17443668.mp3,"sub-saharan africa (all countries south of the sahara desert, excluding south africa)",male_masculine
common_voice_en_17272716.mp3,"sub-saharan africa (all countries south of the sahara desert, excluding south africa)",male_masculine
common_voice_en_17343405.mp3,"sub-saharan africa (all countries south of the sahara desert, excluding south africa)",male_masculine
common_voice_en_17761050.mp3,"sub-saharan africa (all countries south of the sahara desert, excluding south africa)",male_masculine
common_voice_en_18008104.mp3,"sub-saharan africa (all countries south of the sahara desert, excluding south africa)",male_masculine
